,ClienteID,Idade,Sexo,Trab,Habitação,Conta Poupança,Conta Corrente,Montante de credito,Duração,Objetivo,Risco
0,0,67,Homem,2,Propria,,Pequena,1169,6,radio/TV,Bom
1,1,22,Mulher,2,Propria,Pequena,Moderada,5951,48,radio/TV,Ruim
2,2,49,Homem,1,Propria,Pequena,,2096,12,Educação,Bom
3,3,45,Homem,2,Gratis,Pequena,Pequena,7882,42,Moveis/Equipamentos,Bom
4,4,53,Homem,2,Gratis,Pequena,Pequena,4870,24,Automovel,Ruim
5,5,35,Homem,1,Gratis,,,9055,36,Educação,Bom
6,6,53,Homem,2,Propria,Muito Rica,,2835,24,Moveis/Equipamentos,Bom
7,7,35,Homem,3,Alugada,Pequena,Moderada,6948,36,Automovel,Bom
8,8,61,Homem,1,Propria,rich,,3059,12,radio/TV,Bom
9,9,28,Homem,3,Propria,Pequena,Moderada,5234,30,Automovel,Ruim
10,10,25,Mulher,2,Alugada,Pequena,Moderada,1295,12,Automovel,Ruim
11,11,24,Mulher,2,Alugada,Pequena,Pequena,4308,48,Negocios,Ruim
12,12,22,Mulher,2,Propria,Pequena,Moderada,1567,12,radio/TV,Bom
13,13,60,Homem,1,Propria,Pequena,Pequena,1199,24,Automovel,Ruim
14,14,28,Mulher,2,Alugada,Pequena,Pequena,1403,15,Automovel,Bom
15,15,32,Mulher,1,Propria,Moderada,Pequena,1282,24,radio/TV,Ruim
16,16,53,Homem,2,Propria,,,2424,24,radio/TV,Bom
17,17,25,Homem,2,Propria,,Pequena,8072,30,Negocios,Bom
18,18,44,Mulher,3,Gratis,Pequena,Moderada,12579,24,Automovel,Ruim
19,19,31,Homem,2,Propria,Muito Rica,,3430,24,radio/TV,Bom
20,20,48,Homem,2,Propria,Pequena,,2134,9,Automovel,Bom
21,21,44,Homem,2,Alugada,Muito Rica,Pequena,2647,6,radio/TV,Bom
22,22,48,Homem,1,Alugada,Pequena,Pequena,2241,10,Automovel,Bom
23,23,44,Homem,2,Propria,Moderada,Moderada,1804,12,Automovel,Bom
24,24,26,Homem,2,Propria,,,2069,10,Moveis/Equipamentos,Bom
25,25,36,Homem,1,Propria,Pequena,Pequena,1374,6,Moveis/Equipamentos,Bom
26,26,39,Homem,1,Propria,Pequena,,426,6,radio/TV,Bom
27,27,42,Mulher,2,Alugada,rich,Rico,409,12,radio/TV,Bom
28,28,34,Homem,2,Propria,Pequena,Moderada,2415,7,radio/TV,Bom
29,29,63,Homem,2,Propria,Pequena,Pequena,6836,60,Negocios,Ruim
30,30,36,Homem,2,Propria,rich,Moderada,1913,18,Negocios,Bom
31,31,27,Homem,2,Propria,Pequena,Pequena,4020,24,Moveis/Equipamentos,Bom
32,32,30,Homem,2,Propria,Moderada,Moderada,5866,18,Automovel,Bom
33,33,57,Homem,1,Alugada,,,1264,12,Negocios,Bom
34,34,33,Mulher,3,Propria,Pequena,Rico,1474,12,Moveis/Equipamentos,Bom
35,35,25,Homem,1,Propria,Pequena,Moderada,4746,45,radio/TV,Ruim
36,36,31,Homem,2,Gratis,Pequena,,6110,48,Educação,Bom
37,37,37,Homem,2,Propria,Pequena,Rico,2100,18,radio/TV,Ruim
38,38,37,Homem,2,Propria,Pequena,Rico,1225,10,Eletrodomesticos,Bom
39,39,24,Homem,2,Propria,Pequena,Moderada,458,9,radio/TV,Bom
40,40,30,Homem,3,Propria,Muito Rica,,2333,30,radio/TV,Bom
41,41,26,Homem,2,Propria,Muito Rica,Moderada,1158,12,radio/TV,Bom
42,42,44,Homem,1,Propria,Pequena,Moderada,6204,18,Reparos,Bom
43,43,24,Homem,2,Alugada,Moderada,Pequena,6187,30,Automovel,Bom
44,44,58,Mulher,1,Gratis,Pequena,Pequena,6143,48,Automovel,Ruim
45,45,35,Mulher,3,Propria,Pequena,,1393,11,Automovel,Bom
46,46,39,Homem,2,Propria,Muito Rica,,2299,36,radio/TV,Bom
47,47,23,Mulher,0,Alugada,Muito Rica,Pequena,1352,6,Automovel,Bom
48,48,39,Homem,1,Propria,Pequena,,7228,11,Automovel,Bom
49,49,28,Mulher,2,Propria,Moderada,,2073,12,radio/TV,Bom
50,50,29,Homem,1,Propria,,Moderada,2333,24,Moveis/Equipamentos,Bom
51,51,30,Homem,3,Propria,Pequena,Moderada,5965,27,Automovel,Bom
52,52,25,Homem,2,Propria,Pequena,,1262,12,radio/TV,Bom
53,53,31,Homem,2,Propria,,,3378,18,Automovel,Bom
54,54,57,Homem,2,Gratis,Pequena,Moderada,2225,36,Automovel,Ruim
55,55,26,Homem,1,Propria,,,783,6,Automovel,Bom
56,56,52,Homem,3,Propria,,Moderada,6468,12,radio/TV,Ruim
57,57,31,Mulher,2,Propria,Pequena,,9566,36,radio/TV,Bom
58,58,23,Mulher,3,Propria,Pequena,Rico,1961,18,Automovel,Bom
59,59,23,Mulher,1,Alugada,Pequena,Pequena,6229,36,Moveis/Equipamentos,Ruim
60,60,27,Homem,2,Propria,Pequena,Moderada,1391,9,Negocios,Bom
61,61,50,Homem,2,Propria,,Moderada,1537,15,radio/TV,Bom
62,62,61,Homem,3,Gratis,Pequena,Moderada,1953,36,Negocios,Ruim
63,63,25,Homem,2,Propria,Pequena,Moderada,14421,48,Negocios,Ruim
64,64,26,Mulher,2,Propria,Pequena,,3181,24,radio/TV,Bom
65,65,48,Homem,2,Propria,,,5190,27,Reparos,Bom
66,66,29,Mulher,2,Propria,Pequena,,2171,12,radio/TV,Bom
67,67,22,Homem,2,Propria,rich,Moderada,1007,12,Automovel,Bom
68,68,37,Homem,2,Gratis,Pequena,,1819,36,Educação,Ruim
69,69,25,Mulher,2,Propria,,,2394,36,radio/TV,Bom
70,70,30,Mulher,2,Propria,Pequena,,8133,36,Automovel,Bom
71,71,46,Homem,1,Alugada,,,730,7,radio/TV,Bom
72,72,51,Homem,3,Gratis,Pequena,Pequena,1164,8,Ferias/Outros,Bom
73,73,41,Mulher,1,Propria,Pequena,Moderada,5954,42,Negocios,Bom
74,74,40,Homem,3,Propria,,Pequena,1977,36,Educação,Ruim
75,75,66,Homem,3,Gratis,Pequena,Pequena,1526,12,Automovel,Bom
76,76,34,Homem,2,Propria,Pequena,Pequena,3965,42,radio/TV,Ruim
77,77,51,Homem,2,Propria,Pequena,Moderada,4771,11,radio/TV,Bom
78,78,39,Homem,1,Propria,,,9436,54,Automovel,Bom
79,79,22,Homem,2,Propria,Pequena,Moderada,3832,30,Moveis/Equipamentos,Bom
80,80,44,Mulher,2,Propria,,,5943,24,radio/TV,Ruim
81,81,47,Homem,2,Propria,Muito Rica,,1213,15,radio/TV,Bom
82,82,24,Mulher,1,Alugada,Moderada,,1568,18,Negocios,Bom
83,83,58,Mulher,1,Propria,Pequena,Pequena,1755,24,Ferias/Outros,Bom
84,84,52,Homem,1,Propria,Pequena,Pequena,2315,10,radio/TV,Bom
85,85,29,Mulher,3,Propria,Pequena,,1412,12,Negocios,Bom
86,86,27,Mulher,2,Propria,Pequena,Moderada,1295,18,Moveis/Equipamentos,Bom
87,87,47,Homem,2,Gratis,Moderada,Moderada,12612,36,Educação,Ruim
88,88,30,Homem,3,Propria,Moderada,Pequena,2249,18,Automovel,Bom
89,89,28,Homem,2,Propria,Pequena,Pequena,1108,12,Reparos,Ruim
90,90,56,Homem,2,Propria,Pequena,,618,12,radio/TV,Bom
91,91,54,Homem,2,Propria,Pequena,Pequena,1409,12,Automovel,Bom
92,92,33,Mulher,1,Propria,,,797,12,radio/TV,Ruim
93,93,20,Homem,2,Alugada,,Rico,3617,24,Moveis/Equipamentos,Bom
94,94,54,Homem,2,Propria,rich,Moderada,1318,12,Automovel,Bom
95,95,58,Homem,2,Alugada,Pequena,Moderada,15945,54,Negocios,Ruim
96,96,61,Mulher,2,Propria,,,2012,12,Educação,Bom
97,97,34,Homem,2,Propria,Moderada,Moderada,2622,18,Negocios,Bom
98,98,36,Homem,2,Propria,Pequena,Moderada,2337,36,radio/TV,Bom
99,99,36,Homem,3,Alugada,,Moderada,7057,20,Automovel,Bom
100,100,41,Homem,1,Alugada,Moderada,,1469,24,Automovel,Bom
101,101,24,Homem,2,Alugada,Pequena,Moderada,2323,36,radio/TV,Bom
102,102,24,Mulher,2,Propria,Pequena,,932,6,radio/TV,Bom
103,103,35,Homem,2,Alugada,Pequena,Moderada,1919,9,Moveis/Equipamentos,Bom
104,104,26,Homem,2,Alugada,,,2445,12,Automovel,Bom
105,105,39,Homem,3,Propria,Pequena,Moderada,11938,24,Ferias/Outros,Ruim
106,106,39,Homem,3,Propria,Pequena,,6458,18,Automovel,Ruim
107,107,32,Homem,2,Propria,Pequena,Moderada,6078,12,Automovel,Bom
108,108,30,Mulher,2,Propria,,Pequena,7721,24,Moveis/Equipamentos,Bom
109,109,35,Homem,2,Propria,Muito Rica,Moderada,1410,14,Negocios,Bom
110,110,31,Homem,2,Propria,Moderada,Moderada,1449,6,Negocios,Bom
111,111,23,Mulher,2,Alugada,Pequena,Rico,392,15,Educação,Bom
112,112,28,Homem,1,Alugada,Pequena,Moderada,6260,18,Automovel,Bom
113,113,25,Mulher,2,Propria,Pequena,,7855,36,Automovel,Ruim
114,114,35,Homem,2,Propria,Muito Rica,Pequena,1680,12,radio/TV,Bom
115,115,47,Homem,2,Propria,,,3578,48,radio/TV,Bom
116,116,30,Mulher,3,Propria,,Pequena,7174,42,radio/TV,Ruim
117,117,27,Mulher,2,Alugada,,Pequena,2132,10,Moveis/Equipamentos,Bom
118,118,23,Mulher,2,Propria,Muito Rica,Pequena,4281,33,Moveis/Equipamentos,Ruim
119,119,36,Homem,3,Propria,Muito Rica,Moderada,2366,12,Automovel,Bom
120,120,25,Mulher,2,Propria,Pequena,Pequena,1835,21,radio/TV,Ruim
121,121,41,Mulher,3,Alugada,Pequena,,3868,24,Automovel,Bom
122,122,24,Homem,1,Alugada,Pequena,,1768,12,Moveis/Equipamentos,Bom
123,123,63,Homem,2,Gratis,Pequena,Rico,781,10,Automovel,Bom
124,124,27,Mulher,2,Alugada,,Moderada,1924,18,Moveis/Equipamentos,Ruim
125,125,30,Homem,2,Propria,Pequena,Pequena,2121,12,Automovel,Bom
126,126,40,Homem,1,Propria,Pequena,Pequena,701,12,radio/TV,Bom
127,127,30,Homem,2,Propria,Pequena,Moderada,639,12,Reparos,Ruim
128,128,34,Homem,3,Propria,Pequena,Moderada,1860,12,Automovel,Bom
129,129,29,Mulher,2,Propria,Pequena,Pequena,3499,12,Automovel,Ruim
130,130,24,Mulher,2,Propria,,Moderada,8487,48,Automovel,Bom
131,131,29,Homem,2,Propria,Pequena,Pequena,6887,36,Educação,Ruim
132,132,27,Homem,1,Propria,Pequena,,2708,15,Moveis/Equipamentos,Bom
133,133,47,Homem,2,Gratis,Pequena,,1984,18,Moveis/Equipamentos,Bom
134,134,21,Mulher,2,Propria,Moderada,,10144,60,radio/TV,Bom
135,135,38,Mulher,2,Propria,,,1240,12,radio/TV,Bom
136,136,27,Homem,2,Propria,rich,,8613,27,Automovel,Bom
137,137,66,Homem,1,Propria,Muito Rica,Moderada,766,12,radio/TV,Ruim
138,138,35,Homem,2,Propria,,Moderada,2728,15,radio/TV,Bom
139,139,44,Mulher,1,Alugada,Pequena,Rico,1881,12,radio/TV,Bom
140,140,27,Homem,0,Propria,rich,Rico,709,6,Automovel,Bom
141,141,30,Mulher,3,Propria,Pequena,Moderada,4795,36,radio/TV,Bom
142,142,27,Homem,3,Propria,Pequena,Pequena,3416,27,radio/TV,Bom
143,143,22,Homem,2,Propria,Pequena,Pequena,2462,18,Moveis/Equipamentos,Ruim
144,144,23,Mulher,2,Propria,Pequena,,2288,21,Moveis/Equipamentos,Bom
145,145,30,Homem,2,Propria,Moderada,Moderada,3566,48,Negocios,Bom
146,146,39,Mulher,2,Propria,Pequena,Pequena,860,6,Automovel,Bom
147,147,51,Mulher,2,Propria,Moderada,,682,12,Automovel,Bom
148,148,28,Homem,2,Propria,Pequena,Pequena,5371,36,Moveis/Equipamentos,Bom
149,149,46,Homem,2,Propria,rich,,1582,18,radio/TV,Bom
150,150,42,Homem,2,Gratis,Moderada,,1346,6,radio/TV,Bom
151,151,38,Homem,2,Propria,Pequena,,1924,10,radio/TV,Bom
152,152,24,Homem,2,Propria,Pequena,Rico,5848,36,radio/TV,Bom
153,153,29,Mulher,2,Alugada,rich,Moderada,7758,24,Automovel,Bom
154,154,36,Homem,3,Alugada,Moderada,Moderada,6967,24,Negocios,Bom
155,155,20,Mulher,2,Alugada,Pequena,Pequena,1282,12,Moveis/Equipamentos,Ruim
156,156,48,Homem,2,Propria,Moderada,Pequena,1288,9,Reparos,Bom
157,157,45,Homem,1,Propria,Pequena,Pequena,339,12,Educação,Bom
158,158,38,Homem,2,Propria,Moderada,Moderada,3512,24,Automovel,Bom
159,159,34,Homem,1,Propria,,,1898,6,radio/TV,Bom
160,160,36,Homem,2,Propria,Moderada,,2872,24,radio/TV,Bom
161,161,30,Mulher,2,Propria,Pequena,,1055,18,Automovel,Bom
162,162,36,Homem,2,Propria,Muito Rica,,1262,15,Eletrodomesticos,Bom
163,163,70,Homem,3,Gratis,Pequena,Moderada,7308,10,Automovel,Bom
164,164,36,Homem,2,Propria,Muito Rica,,909,36,Automovel,Bom
165,165,32,Homem,2,Propria,Muito Rica,,2978,6,Moveis/Equipamentos,Bom
166,166,33,Mulher,2,Propria,Pequena,Pequena,1131,18,Moveis/Equipamentos,Ruim
167,167,20,Mulher,2,Propria,rich,Moderada,1577,11,Moveis/Equipamentos,Bom
168,168,25,Mulher,2,Alugada,Pequena,,3972,24,Moveis/Equipamentos,Bom
169,169,31,Homem,2,Propria,Pequena,Moderada,1935,24,Negocios,Ruim
170,170,33,Homem,2,Alugada,Pequena,Pequena,950,15,Automovel,Ruim
171,171,26,Mulher,2,Propria,Pequena,,763,12,Moveis/Equipamentos,Bom
172,172,34,Mulher,3,Propria,Pequena,Moderada,2064,24,Moveis/Equipamentos,Ruim
173,173,33,Homem,2,Propria,Pequena,Moderada,1414,8,radio/TV,Bom
174,174,26,Homem,2,Propria,Pequena,Pequena,3414,21,Educação,Ruim
175,175,53,Mulher,3,Propria,,,7485,30,Automovel,Ruim
176,176,42,Homem,2,Propria,Pequena,Pequena,2577,12,Moveis/Equipamentos,Bom
177,177,52,Homem,2,Propria,Muito Rica,Pequena,338,6,radio/TV,Bom
178,178,31,Homem,3,Alugada,Pequena,,1963,12,radio/TV,Bom
179,179,65,Homem,2,Propria,Pequena,Pequena,571,21,Automovel,Bom
180,180,28,Homem,2,Propria,Pequena,,9572,36,Negocios,Ruim
181,181,30,Homem,3,Propria,Pequena,Moderada,4455,36,Negocios,Ruim
182,182,40,Homem,1,Propria,,Pequena,1647,21,Automovel,Ruim
183,183,50,Homem,2,Propria,rich,,3777,24,Moveis/Equipamentos,Bom
184,184,36,Homem,2,Propria,Pequena,Moderada,884,18,Automovel,Ruim
185,185,31,Homem,2,Propria,Pequena,,1360,15,radio/TV,Bom
186,186,74,Mulher,3,Gratis,Pequena,Moderada,5129,9,Automovel,Ruim
187,187,68,Homem,0,Gratis,Pequena,Moderada,1175,16,Automovel,Bom
188,188,20,Homem,2,Propria,Moderada,Pequena,674,12,radio/TV,Ruim
189,189,33,Mulher,2,Propria,Pequena,Moderada,3244,18,Moveis/Equipamentos,Bom
190,190,54,Homem,3,Propria,rich,,4591,24,Negocios,Ruim
191,191,34,Homem,1,Gratis,Moderada,Moderada,3844,48,Negocios,Ruim
192,192,36,Homem,2,Propria,Pequena,Moderada,3915,27,Negocios,Ruim
193,193,29,Homem,2,Alugada,Pequena,,2108,6,radio/TV,Bom
194,194,21,Homem,2,Alugada,Moderada,Moderada,3031,45,radio/TV,Ruim
195,195,34,Mulher,3,Propria,Pequena,Moderada,1501,9,Educação,Ruim
196,196,28,Mulher,2,Propria,Pequena,,1382,6,radio/TV,Bom
197,197,27,Mulher,2,Alugada,Moderada,Moderada,951,12,Moveis/Equipamentos,Ruim
198,198,36,Homem,2,Gratis,,Moderada,2760,24,Automovel,Bom
199,199,40,Homem,3,Propria,Pequena,Moderada,4297,18,Moveis/Equipamentos,Ruim
200,200,52,Homem,2,Propria,Muito Rica,,936,9,Educação,Bom
201,201,27,Homem,1,Propria,Pequena,Pequena,1168,12,Automovel,Bom
202,202,26,Homem,2,Propria,Pequena,,5117,27,Negocios,Bom
203,203,21,Homem,2,Alugada,Pequena,Pequena,902,12,Educação,Ruim
204,204,38,Homem,1,Propria,Pequena,,1495,12,Automovel,Bom
205,205,38,Homem,3,Gratis,Pequena,Pequena,10623,30,Automovel,Bom
206,206,43,Homem,2,Propria,Pequena,,1935,12,Moveis/Equipamentos,Bom
207,207,26,Homem,2,Propria,Pequena,Moderada,1424,12,Eletrodomesticos,Bom
208,208,21,Homem,1,Propria,Pequena,Pequena,6568,24,Negocios,Bom
209,209,55,Homem,2,Propria,rich,,1413,12,Automovel,Bom
210,210,33,Homem,2,Propria,,,3074,9,radio/TV,Bom
211,211,45,Mulher,1,Propria,,,3835,36,radio/TV,Bom
212,212,50,Homem,2,Propria,Pequena,Pequena,5293,27,Negocios,Ruim
213,213,66,Homem,3,Propria,Pequena,Rico,1908,30,Negocios,Ruim
214,214,51,Homem,2,Propria,,,3342,36,radio/TV,Bom
215,215,39,Mulher,1,Propria,,Moderada,932,6,Educação,Bom
216,216,31,Homem,2,Propria,Pequena,Pequena,3104,18,Negocios,Bom
217,217,23,Homem,2,Propria,Pequena,Rico,3913,36,radio/TV,Bom
218,218,24,Homem,1,Alugada,Pequena,Pequena,3021,24,Moveis/Equipamentos,Bom
219,219,64,Mulher,2,Propria,Pequena,,1364,10,Automovel,Bom
220,220,26,Homem,1,Propria,Pequena,Moderada,625,12,radio/TV,Bom
221,221,23,Mulher,2,Alugada,,Pequena,1200,12,Educação,Bom
222,222,30,Homem,2,Propria,Pequena,,707,12,radio/TV,Bom
223,223,32,Homem,2,Propria,,,2978,24,Negocios,Bom
224,224,30,Homem,2,Propria,Pequena,,4657,15,Automovel,Bom
225,225,27,Homem,2,Propria,Pequena,,2613,36,Reparos,Bom
226,226,27,Homem,2,Propria,rich,Moderada,10961,48,radio/TV,Ruim
227,227,53,Homem,3,Gratis,Pequena,Pequena,7865,12,Moveis/Equipamentos,Ruim
228,228,22,Homem,2,Propria,Pequena,,1478,9,radio/TV,Ruim
229,229,22,Homem,2,Gratis,Pequena,Pequena,3149,24,Moveis/Equipamentos,Bom
230,230,26,Homem,2,Propria,Pequena,Rico,4210,36,radio/TV,Ruim
231,231,51,Homem,1,Gratis,Muito Rica,,2507,9,Automovel,Bom
232,232,35,Homem,2,Propria,Moderada,,2141,12,radio/TV,Bom
233,233,25,Homem,1,Propria,Pequena,Moderada,866,18,radio/TV,Bom
234,234,42,Homem,1,Propria,Pequena,,1544,4,radio/TV,Bom
235,235,30,Homem,3,Propria,Pequena,Pequena,1823,24,radio/TV,Ruim
236,236,23,Homem,0,Propria,,Moderada,14555,6,Automovel,Ruim
237,237,61,Homem,1,Alugada,Moderada,Moderada,2767,21,Negocios,Ruim
238,238,35,Mulher,2,Propria,Pequena,,1291,12,radio/TV,Bom
239,239,39,Homem,2,Propria,Pequena,Pequena,2522,30,radio/TV,Bom
240,240,29,Mulher,2,Propria,,Pequena,915,24,Automovel,Ruim
241,241,51,Homem,2,Propria,Pequena,,1595,6,radio/TV,Bom
242,242,24,Homem,2,Gratis,Pequena,Pequena,4605,48,Automovel,Ruim
243,243,27,Mulher,2,Propria,Pequena,,1185,12,Negocios,Bom
244,244,35,Mulher,1,Propria,Muito Rica,,3447,12,Educação,Bom
245,245,25,Homem,2,Propria,Pequena,,1258,24,Negocios,Bom
246,246,52,Homem,2,Propria,Pequena,,717,12,radio/TV,Bom
247,247,35,Homem,2,Alugada,Moderada,,1204,6,Automovel,Bom
248,248,26,Homem,2,Propria,Pequena,Rico,1925,24,Moveis/Equipamentos,Bom
249,249,22,Mulher,2,Alugada,Pequena,,433,18,radio/TV,Ruim
250,250,39,Mulher,1,Propria,rich,Pequena,666,6,Automovel,Bom
251,251,46,Mulher,1,Propria,Pequena,Rico,2251,12,Moveis/Equipamentos,Bom
252,252,24,Mulher,2,Propria,Pequena,Moderada,2150,30,Automovel,Ruim
253,253,35,Homem,2,Propria,Moderada,,4151,24,Moveis/Equipamentos,Bom
254,254,24,Homem,2,Propria,,Moderada,2030,9,Moveis/Equipamentos,Bom
255,255,27,Homem,1,Propria,,Moderada,7418,60,radio/TV,Bom
256,256,35,Homem,1,Propria,Pequena,,2684,24,radio/TV,Bom
257,257,29,Homem,2,Gratis,Pequena,Pequena,2149,12,radio/TV,Ruim
258,258,23,Mulher,2,Propria,Moderada,,3812,15,Automovel,Bom
259,259,57,Mulher,1,Propria,Moderada,,1154,11,radio/TV,Bom
260,260,27,Homem,2,Propria,Pequena,Pequena,1657,12,Moveis/Equipamentos,Bom
261,261,55,Mulher,2,Propria,Pequena,Pequena,1603,24,radio/TV,Bom
262,262,36,Homem,3,Gratis,Pequena,Pequena,5302,18,Automovel,Bom
263,263,57,Mulher,1,Gratis,Pequena,,2748,12,Educação,Bom
264,264,32,Homem,1,Propria,Pequena,,1231,10,Automovel,Bom
265,265,37,Homem,2,Propria,Pequena,Moderada,802,15,radio/TV,Ruim
266,266,36,Homem,2,Propria,,,6304,36,Negocios,Bom
267,267,38,Mulher,2,Propria,Pequena,,1533,24,radio/TV,Bom
268,268,45,Homem,3,Propria,Pequena,Pequena,8978,14,Automovel,Ruim
269,269,25,Homem,2,Propria,,,999,24,radio/TV,Bom
270,270,32,Homem,2,Propria,,,2662,18,Automovel,Bom
271,271,37,Mulher,2,Alugada,Muito Rica,,1402,12,Moveis/Equipamentos,Bom
272,272,36,Homem,3,Gratis,,Moderada,12169,48,Automovel,Bom
273,273,28,Homem,2,Propria,Pequena,Moderada,3060,48,radio/TV,Ruim
274,274,34,Homem,1,Propria,Pequena,Pequena,11998,30,Reparos,Ruim
275,275,32,Homem,2,Propria,Pequena,,2697,9,radio/TV,Bom
276,276,26,Mulher,2,Propria,Pequena,,2404,18,radio/TV,Bom
277,277,49,Homem,1,Propria,,Pequena,1262,12,Moveis/Equipamentos,Bom
278,278,32,Mulher,2,Propria,Pequena,,4611,6,Moveis/Equipamentos,Ruim
279,279,29,Homem,3,Alugada,Moderada,,1901,24,radio/TV,Bom
280,280,23,Homem,2,Alugada,rich,,3368,15,Automovel,Bom
281,281,50,Homem,2,Propria,Pequena,,1574,12,Moveis/Equipamentos,Bom
282,282,49,Homem,1,Propria,,Rico,1445,18,radio/TV,Bom
283,283,63,Homem,2,Propria,,,1520,15,Moveis/Equipamentos,Bom
284,284,37,Homem,2,Propria,Moderada,Moderada,3878,24,Automovel,Bom
285,285,35,Mulher,1,Propria,Pequena,Pequena,10722,47,Automovel,Bom
286,286,26,Homem,2,Propria,Pequena,Pequena,4788,48,Automovel,Bom
287,287,31,Homem,3,Gratis,Moderada,Moderada,7582,48,Ferias/Outros,Bom
288,288,49,Mulher,2,Propria,Pequena,Moderada,1092,12,radio/TV,Bom
289,289,48,Homem,2,Propria,Pequena,Pequena,1024,24,radio/TV,Ruim
290,290,26,Homem,2,Propria,Pequena,,1076,12,Negocios,Bom
291,291,28,Homem,3,Alugada,Pequena,Moderada,9398,36,Automovel,Ruim
292,292,44,Mulher,3,Gratis,Pequena,Pequena,6419,24,Automovel,Bom
293,293,56,Homem,2,Gratis,Pequena,Rico,4796,42,Automovel,Bom
294,294,46,Homem,3,Propria,,,7629,48,Negocios,Bom
295,295,26,Mulher,2,Propria,Pequena,Moderada,9960,48,Moveis/Equipamentos,Ruim
296,296,20,Mulher,2,Alugada,,,4675,12,Automovel,Bom
297,297,45,Homem,1,Propria,,,1287,10,Automovel,Bom
298,298,43,Homem,2,Propria,Pequena,,2515,18,Moveis/Equipamentos,Bom
299,299,32,Homem,2,Propria,rich,Moderada,2745,21,Moveis/Equipamentos,Bom
300,300,54,Mulher,0,Propria,Pequena,,672,6,Automovel,Bom
301,301,42,Mulher,2,Propria,Pequena,Moderada,3804,36,radio/TV,Ruim
302,302,37,Homem,1,Propria,,Rico,1344,24,Automovel,Ruim
303,303,49,Homem,2,Propria,Pequena,Pequena,1038,10,Automovel,Bom
304,304,44,Homem,2,Gratis,Muito Rica,,10127,48,Automovel,Ruim
305,305,33,Homem,2,Propria,rich,,1543,6,Moveis/Equipamentos,Bom
306,306,24,Mulher,1,Alugada,,,4811,30,Automovel,Bom
307,307,33,Homem,1,Propria,Moderada,Pequena,727,12,radio/TV,Ruim
308,308,24,Mulher,2,Propria,Pequena,Moderada,1237,8,Moveis/Equipamentos,Ruim
309,309,22,Homem,1,Alugada,Pequena,Moderada,276,9,Automovel,Bom
310,310,40,Homem,0,Gratis,,Moderada,5381,48,Ferias/Outros,Bom
311,311,25,Homem,2,Propria,Moderada,,5511,24,Moveis/Equipamentos,Bom
312,312,26,Mulher,2,Propria,Pequena,Rico,3749,24,Moveis/Equipamentos,Bom
313,313,25,Homem,1,Propria,Pequena,Moderada,685,12,Automovel,Ruim
314,314,29,Homem,1,Propria,,Rico,1494,4,Automovel,Bom
315,315,31,Homem,2,Propria,Pequena,Pequena,2746,36,Moveis/Equipamentos,Ruim
316,316,38,Homem,1,Propria,Pequena,Pequena,708,12,Moveis/Equipamentos,Bom
317,317,48,Mulher,1,Propria,,Moderada,4351,24,Moveis/Equipamentos,Bom
318,318,32,Homem,2,Propria,Pequena,,701,12,Educação,Bom
319,319,27,Mulher,1,Propria,Pequena,Pequena,3643,15,Moveis/Equipamentos,Bom
320,320,28,Homem,3,Propria,Pequena,Moderada,4249,30,Automovel,Ruim
321,321,32,Homem,2,Propria,Pequena,Pequena,1938,24,radio/TV,Ruim
322,322,34,Homem,3,Gratis,Pequena,Pequena,2910,24,Automovel,Bom
323,323,28,Homem,2,Propria,rich,Pequena,2659,18,Moveis/Equipamentos,Bom
324,324,36,Mulher,2,Propria,Pequena,,1028,18,Automovel,Bom
325,325,39,Homem,1,Propria,Pequena,Pequena,3398,8,Automovel,Bom
326,326,49,Homem,2,Alugada,,,5801,12,Moveis/Equipamentos,Bom
327,327,34,Mulher,2,Propria,rich,,1525,24,Automovel,Bom
328,328,31,Homem,2,Propria,Pequena,Rico,4473,36,radio/TV,Bom
329,329,28,Homem,2,Propria,Pequena,Moderada,1068,6,radio/TV,Bom
330,330,75,Homem,3,Gratis,Pequena,Pequena,6615,24,Automovel,Bom
331,331,30,Mulher,2,Propria,Moderada,,1864,18,Educação,Ruim
332,332,24,Mulher,3,Propria,Moderada,Moderada,7408,60,Automovel,Ruim
333,333,24,Mulher,1,Alugada,Moderada,,11590,48,Automovel,Ruim
334,334,23,Homem,2,Alugada,Pequena,Pequena,4110,24,Moveis/Equipamentos,Ruim
335,335,44,Homem,3,Alugada,Pequena,Pequena,3384,6,Moveis/Equipamentos,Ruim
336,336,23,Mulher,1,Propria,Pequena,Moderada,2101,13,radio/TV,Bom
337,337,24,Mulher,2,Alugada,,Pequena,1275,15,Eletrodomesticos,Ruim
338,338,28,Homem,2,Propria,Pequena,Pequena,4169,24,Moveis/Equipamentos,Bom
339,339,31,Homem,1,Propria,Pequena,Moderada,1521,10,Moveis/Equipamentos,Bom
340,340,24,Mulher,2,Gratis,Pequena,Moderada,5743,24,Educação,Bom
341,341,26,Mulher,1,Alugada,Pequena,Pequena,3599,21,Moveis/Equipamentos,Bom
342,342,25,Homem,2,Alugada,Muito Rica,Moderada,3213,18,radio/TV,Bom
343,343,33,Homem,3,Propria,Pequena,Moderada,4439,18,Negocios,Bom
344,344,37,Homem,1,Propria,Pequena,Rico,3949,10,Automovel,Bom
345,345,43,Mulher,1,Propria,Pequena,,1459,15,radio/TV,Bom
346,346,23,Homem,2,Propria,Pequena,Moderada,882,13,radio/TV,Bom
347,347,23,Mulher,0,Alugada,Muito Rica,Moderada,3758,24,radio/TV,Bom
348,348,34,Homem,1,Propria,Moderada,,1743,6,Negocios,Bom
349,349,32,Homem,2,Gratis,rich,Moderada,1136,9,Educação,Ruim
350,350,23,Mulher,2,Alugada,Pequena,,1236,9,Eletrodomesticos,Bom
351,351,29,Mulher,2,Propria,Pequena,Moderada,959,9,Moveis/Equipamentos,Ruim
352,352,38,Homem,3,Propria,,,3229,18,Automovel,Bom
353,353,28,Homem,2,Alugada,Pequena,Pequena,6199,12,radio/TV,Ruim
354,354,46,Homem,2,Gratis,Muito Rica,,727,10,Educação,Bom
355,355,23,Homem,1,Propria,Pequena,Moderada,1246,24,Automovel,Ruim
356,356,49,Homem,2,Propria,,,2331,12,radio/TV,Bom
357,357,26,Homem,3,Propria,Pequena,,4463,36,radio/TV,Ruim
358,358,28,Homem,2,Propria,Pequena,,776,12,radio/TV,Bom
359,359,23,Mulher,2,Alugada,Pequena,Pequena,2406,30,Moveis/Equipamentos,Ruim
360,360,61,Homem,2,Gratis,,Moderada,1239,18,Educação,Bom
361,361,37,Homem,3,Propria,,Rico,3399,12,radio/TV,Bom
362,362,36,Mulher,2,Propria,Pequena,Rico,2247,12,Automovel,Bom
363,363,21,Homem,2,Alugada,Pequena,,1766,6,Moveis/Equipamentos,Bom
364,364,25,Homem,0,Propria,Pequena,Pequena,2473,18,Moveis/Equipamentos,Ruim
365,365,36,Homem,2,Propria,Pequena,,1542,12,Negocios,Bom
366,366,27,Homem,2,Propria,Pequena,,3850,18,Automovel,Bom
367,367,22,Mulher,2,Alugada,Pequena,Pequena,3650,18,Moveis/Equipamentos,Bom
368,368,42,Homem,2,Propria,Pequena,Pequena,3446,36,Moveis/Equipamentos,Ruim
369,369,40,Mulher,2,Alugada,Pequena,Moderada,3001,18,Moveis/Equipamentos,Bom
370,370,36,Homem,2,Propria,,,3079,36,Automovel,Bom
371,371,33,Homem,2,Propria,Pequena,,6070,18,radio/TV,Bom
372,372,23,Mulher,2,Alugada,Pequena,,2146,10,Moveis/Equipamentos,Bom
373,373,63,Homem,3,Gratis,,,13756,60,Automovel,Bom
374,374,60,Mulher,3,Gratis,Moderada,Moderada,14782,60,Ferias/Outros,Ruim
375,375,37,Mulher,2,Alugada,Pequena,Pequena,7685,48,Negocios,Ruim
376,376,34,Homem,2,Propria,Pequena,,2320,18,radio/TV,Bom
377,377,36,Homem,2,Gratis,,,846,7,radio/TV,Bom
378,378,57,Homem,3,Gratis,Pequena,Moderada,14318,36,Automovel,Ruim
379,379,52,Mulher,1,Propria,Moderada,,362,6,Automovel,Bom
380,380,39,Homem,2,Propria,,Pequena,2212,20,Moveis/Equipamentos,Bom
381,381,38,Mulher,3,Gratis,Pequena,Moderada,12976,18,Automovel,Ruim
382,382,25,Mulher,2,Alugada,,,1283,22,Automovel,Bom
383,383,26,Homem,2,Propria,Pequena,Rico,1330,12,Automovel,Bom
384,384,26,Homem,1,Propria,Moderada,,4272,30,Negocios,Bom
385,385,25,Mulher,2,Propria,Pequena,,2238,18,radio/TV,Bom
386,386,21,Mulher,2,Alugada,,,1126,18,radio/TV,Bom
387,387,40,Homem,3,Propria,Pequena,Moderada,7374,18,Moveis/Equipamentos,Bom
388,388,27,Homem,2,Propria,Muito Rica,Moderada,2326,15,Negocios,Bom
389,389,27,Mulher,2,Propria,Pequena,,1449,9,Negocios,Bom
390,390,30,Homem,3,Propria,Pequena,,1820,18,Automovel,Bom
391,391,19,Mulher,1,Alugada,rich,Moderada,983,12,Moveis/Equipamentos,Bom
392,392,39,Homem,3,Gratis,Pequena,Pequena,3249,36,Automovel,Bom
393,393,31,Mulher,2,Propria,Pequena,Pequena,1957,6,radio/TV,Bom
394,394,31,Homem,3,Propria,Pequena,,2406,9,Moveis/Equipamentos,Bom
395,395,32,Homem,2,Alugada,Moderada,Moderada,11760,39,Educação,Bom
396,396,55,Mulher,3,Gratis,Pequena,Pequena,2578,12,Moveis/Equipamentos,Bom
397,397,46,Homem,2,Propria,Pequena,Pequena,2348,36,Moveis/Equipamentos,Bom
398,398,46,Homem,2,Alugada,Pequena,Moderada,1223,12,Automovel,Ruim
399,399,43,Mulher,1,Propria,rich,,1516,24,radio/TV,Bom
400,400,39,Homem,2,Propria,Pequena,,1473,18,radio/TV,Bom
401,401,28,Homem,2,Propria,,Moderada,1887,18,Negocios,Bom
402,402,27,Homem,2,Propria,Pequena,,8648,24,Negocios,Ruim
403,403,27,Homem,1,Propria,Pequena,,802,14,Automovel,Bom
404,404,43,Homem,2,Propria,,Moderada,2899,18,Automovel,Bom
405,405,22,Homem,2,Propria,Pequena,Moderada,2039,24,radio/TV,Ruim
406,406,43,Homem,2,Propria,,,2197,24,Automovel,Bom
407,407,27,Homem,2,Propria,Pequena,Pequena,1053,15,radio/TV,Bom
408,408,26,Homem,3,Propria,Muito Rica,,3235,24,radio/TV,Bom
409,409,28,Homem,2,Propria,Muito Rica,Rico,939,12,Automovel,Ruim
410,410,20,Mulher,2,Propria,Pequena,Moderada,1967,24,radio/TV,Bom
411,411,35,Homem,3,Propria,Pequena,,7253,33,Automovel,Bom
412,412,42,Homem,3,Propria,Pequena,,2292,12,Negocios,Ruim
413,413,40,Homem,1,Alugada,Muito Rica,,1597,10,Automovel,Bom
414,414,35,Mulher,2,Propria,,Pequena,1381,24,Automovel,Ruim
415,415,35,Homem,2,Propria,Pequena,,5842,36,Automovel,Bom
416,416,33,Homem,1,Propria,Pequena,Pequena,2579,12,Automovel,Ruim
417,417,23,Mulher,2,Alugada,,Pequena,8471,18,Educação,Bom
418,418,31,Mulher,3,Propria,Muito Rica,,2782,21,Automovel,Bom
419,419,33,Mulher,2,Propria,,Moderada,1042,18,Automovel,Ruim
420,420,20,Mulher,2,Alugada,rich,,3186,15,Automovel,Bom
421,421,30,Homem,2,Propria,,Moderada,2028,12,Automovel,Bom
422,422,47,Homem,1,Propria,Pequena,Moderada,958,12,Automovel,Bom
423,423,34,Homem,3,Propria,Moderada,,1591,21,Moveis/Equipamentos,Bom
424,424,25,Mulher,2,Propria,,Moderada,2762,12,Moveis/Equipamentos,Ruim
425,425,21,Homem,2,Alugada,Pequena,Moderada,2779,18,Automovel,Bom
426,426,29,Homem,2,Propria,Pequena,,2743,28,radio/TV,Bom
427,427,46,Homem,2,Propria,rich,,1149,18,radio/TV,Bom
428,428,20,Homem,2,Propria,Pequena,,1313,9,Moveis/Equipamentos,Bom
429,429,55,Mulher,0,Gratis,Pequena,Pequena,1190,18,Reparos,Ruim
430,430,74,Homem,1,Propria,Pequena,,3448,5,Negocios,Bom
431,431,29,Homem,3,Propria,Pequena,Moderada,11328,24,Ferias/Outros,Ruim
432,432,36,Homem,3,Gratis,Pequena,Pequena,1872,6,Moveis/Equipamentos,Bom
433,433,33,Homem,2,Propria,Pequena,,2058,24,Reparos,Bom
434,434,25,Homem,2,Propria,Pequena,Pequena,2136,9,Moveis/Equipamentos,Bom
435,435,25,Homem,2,Propria,,Moderada,1484,12,radio/TV,Ruim
436,436,23,Homem,1,Alugada,Muito Rica,,660,6,Reparos,Bom
437,437,37,Mulher,2,Propria,rich,,1287,24,Automovel,Bom
438,438,65,Homem,0,Propria,Pequena,Pequena,3394,42,Reparos,Bom
439,439,26,Mulher,0,Propria,Pequena,Rico,609,12,Negocios,Ruim
440,440,39,Homem,3,Propria,Pequena,,1884,12,Automovel,Bom
441,441,30,Mulher,2,Propria,Pequena,Pequena,1620,12,Moveis/Equipamentos,Bom
442,442,29,Homem,2,Propria,Pequena,Moderada,2629,20,Ferias/Outros,Bom
443,443,41,Homem,1,Propria,Pequena,,719,12,Educação,Ruim
444,444,30,Mulher,3,Propria,Pequena,Moderada,5096,48,Moveis/Equipamentos,Ruim
445,445,41,Mulher,1,Alugada,,,1244,9,Educação,Bom
446,446,34,Mulher,2,Propria,Pequena,Pequena,1842,36,Automovel,Ruim
447,447,35,Homem,2,Propria,Pequena,Moderada,2576,7,radio/TV,Bom
448,448,55,Mulher,3,Propria,,Rico,1424,12,Moveis/Equipamentos,Bom
449,449,61,Homem,2,Propria,rich,Moderada,1512,15,Reparos,Ruim
450,450,30,Homem,3,Propria,,,11054,36,Automovel,Bom
451,451,29,Mulher,2,Propria,Pequena,,518,6,radio/TV,Bom
452,452,34,Homem,2,Propria,Pequena,,2759,12,Moveis/Equipamentos,Bom
453,453,35,Homem,3,Propria,Pequena,,2670,24,Automovel,Bom
454,454,31,Homem,2,Propria,Pequena,Pequena,4817,24,Automovel,Ruim
455,455,29,Mulher,3,Propria,Pequena,,2679,24,Automovel,Bom
456,456,36,Homem,2,Alugada,Pequena,Pequena,3905,11,Automovel,Bom
457,457,35,Homem,2,Gratis,Pequena,Pequena,3386,12,Automovel,Ruim
458,458,27,Mulher,2,Propria,Pequena,Pequena,343,6,Eletrodomesticos,Bom
459,459,32,Homem,2,Propria,Pequena,,4594,18,radio/TV,Bom
460,460,37,Homem,2,Propria,Pequena,Pequena,3620,36,Moveis/Equipamentos,Bom
461,461,36,Homem,2,Propria,Pequena,Pequena,1721,15,Automovel,Bom
462,462,34,Mulher,3,Alugada,Pequena,Moderada,3017,12,Moveis/Equipamentos,Bom
463,463,38,Homem,2,Propria,,Moderada,754,12,Educação,Bom
464,464,34,Homem,2,Propria,Pequena,,1950,18,Negocios,Bom
465,465,63,Homem,2,Propria,Pequena,Pequena,2924,24,Automovel,Bom
466,466,29,Mulher,1,Alugada,Pequena,Pequena,1659,24,radio/TV,Ruim
467,467,32,Homem,2,Propria,,,7238,48,radio/TV,Bom
468,468,26,Mulher,2,Propria,Pequena,,2764,33,Negocios,Bom
469,469,35,Homem,1,Propria,Pequena,,4679,24,Automovel,Bom
470,470,22,Homem,2,Alugada,Moderada,Moderada,3092,24,radio/TV,Ruim
471,471,23,Mulher,2,Propria,Pequena,Pequena,448,6,Educação,Ruim
472,472,28,Homem,1,Propria,Pequena,Pequena,654,9,Automovel,Ruim
473,473,36,Homem,3,Propria,,,1238,6,Educação,Bom
474,474,33,Homem,2,Propria,Pequena,Moderada,1245,18,radio/TV,Ruim
475,475,26,Mulher,2,Alugada,Pequena,Pequena,3114,18,Moveis/Equipamentos,Ruim
476,476,24,Homem,2,Propria,Muito Rica,,2569,39,Automovel,Bom
477,477,25,Homem,2,Propria,Pequena,Rico,5152,24,radio/TV,Bom
478,478,39,Homem,1,Propria,Moderada,Moderada,1037,12,Negocios,Bom
479,479,44,Homem,2,Propria,Pequena,Pequena,1478,15,Moveis/Equipamentos,Bom
480,480,23,Mulher,1,Propria,Pequena,Moderada,3573,12,radio/TV,Bom
481,481,26,Homem,2,Propria,Pequena,Moderada,1201,24,Automovel,Bom
482,482,57,Mulher,2,Alugada,rich,Pequena,3622,30,Moveis/Equipamentos,Bom
483,483,30,Mulher,2,Propria,rich,,960,15,Moveis/Equipamentos,Bom
484,484,44,Homem,2,Propria,Muito Rica,,1163,12,Automovel,Bom
485,485,47,Homem,3,Propria,Pequena,Moderada,1209,6,Automovel,Ruim
486,486,52,Homem,2,Propria,Pequena,,3077,12,radio/TV,Bom
487,487,62,Mulher,2,Gratis,Pequena,,3757,24,Automovel,Bom
488,488,35,Homem,1,Alugada,Moderada,,1418,10,Automovel,Bom
489,489,26,Homem,2,Alugada,Pequena,,3518,6,Automovel,Bom
490,490,26,Homem,2,Propria,Pequena,,1934,12,radio/TV,Bom
491,491,42,Mulher,3,Gratis,Pequena,Moderada,8318,27,Negocios,Ruim
492,492,27,Mulher,2,Propria,Moderada,,1237,6,radio/TV,Bom
493,493,38,Homem,2,Propria,,Moderada,368,6,radio/TV,Bom
494,494,39,Homem,1,Alugada,Pequena,Pequena,2122,12,Automovel,Bom
495,495,20,Homem,2,Propria,,Pequena,2996,24,Moveis/Equipamentos,Ruim
496,496,29,Homem,3,Alugada,Moderada,Moderada,9034,36,Moveis/Equipamentos,Ruim
497,497,40,Homem,2,Propria,Pequena,,1585,24,Moveis/Equipamentos,Bom
498,498,32,Homem,1,Propria,Pequena,Moderada,1301,18,radio/TV,Bom
499,499,28,Homem,2,Propria,Moderada,Rico,1323,6,Automovel,Bom
500,500,27,Mulher,2,Propria,Pequena,Pequena,3123,24,Automovel,Ruim
501,501,42,Homem,2,Gratis,Pequena,Pequena,5493,36,Automovel,Bom
502,502,49,Homem,2,Propria,Moderada,Rico,1126,9,radio/TV,Bom
503,503,38,Homem,2,Propria,Moderada,Moderada,1216,24,radio/TV,Ruim
504,504,24,Mulher,2,Alugada,Pequena,Pequena,1207,24,Automovel,Ruim
505,505,27,Homem,1,Propria,,,1309,10,Automovel,Ruim
506,506,36,Homem,2,Propria,Muito Rica,Rico,2360,15,Automovel,Bom
507,507,34,Homem,3,Propria,Moderada,Moderada,6850,15,Automovel,Ruim
508,508,28,Homem,2,Propria,Pequena,,1413,24,radio/TV,Bom
509,509,45,Homem,3,Propria,Moderada,,8588,39,Automovel,Bom
510,510,26,Homem,2,Propria,Pequena,Pequena,759,12,Automovel,Ruim
511,511,32,Homem,3,Gratis,Pequena,,4686,36,Automovel,Bom
512,512,26,Homem,2,Alugada,Pequena,Rico,2687,15,Negocios,Bom
513,513,20,Homem,2,Alugada,Pequena,Moderada,585,12,radio/TV,Bom
514,514,54,Homem,2,Propria,,,2255,24,Automovel,Bom
515,515,37,Mulher,2,Propria,Pequena,Pequena,609,6,Automovel,Bom
516,516,40,Homem,1,Propria,Pequena,Pequena,1361,6,Automovel,Bom
517,517,23,Mulher,2,Alugada,Pequena,,7127,36,Moveis/Equipamentos,Ruim
518,518,43,Homem,2,Propria,Moderada,Pequena,1203,6,Automovel,Bom
519,519,36,Homem,2,Gratis,,,700,6,radio/TV,Bom
520,520,44,Homem,2,Gratis,Pequena,,5507,24,Reparos,Bom
521,521,24,Mulher,2,Propria,Pequena,Pequena,3190,18,radio/TV,Ruim
522,522,53,Homem,2,Gratis,Pequena,Pequena,7119,48,Moveis/Equipamentos,Ruim
523,523,23,Mulher,2,Propria,Moderada,,3488,24,Automovel,Bom
524,524,26,Mulher,1,Propria,Pequena,Moderada,1113,18,radio/TV,Bom
525,525,30,Homem,2,Propria,Pequena,Moderada,7966,26,Automovel,Bom
526,526,31,Mulher,2,Propria,Moderada,,1532,15,Educação,Bom
527,527,42,Homem,1,Propria,Pequena,,1503,4,radio/TV,Bom
528,528,31,Homem,2,Alugada,Pequena,Pequena,2302,36,radio/TV,Ruim
529,529,41,Homem,1,Propria,Pequena,Pequena,662,6,Automovel,Bom
530,530,32,Homem,2,Propria,Pequena,Moderada,2273,36,Educação,Bom
531,531,28,Mulher,2,Alugada,Moderada,Moderada,2631,15,Automovel,Ruim
532,532,41,Homem,2,Alugada,Pequena,,1503,12,Automovel,Bom
533,533,26,Homem,2,Propria,Moderada,,1311,24,radio/TV,Bom
534,534,25,Homem,2,Propria,,,3105,24,radio/TV,Bom
535,535,33,Homem,2,Alugada,Pequena,Rico,2319,21,Educação,Ruim
536,536,75,Mulher,3,Propria,,Pequena,1374,6,Automovel,Bom
537,537,37,Mulher,2,Propria,Pequena,Moderada,3612,18,Moveis/Equipamentos,Bom
538,538,42,Homem,3,Gratis,Pequena,Pequena,7763,48,Automovel,Ruim
539,539,45,Mulher,1,Propria,Pequena,Rico,3049,18,Moveis/Equipamentos,Bom
540,540,23,Homem,2,Alugada,Pequena,Moderada,1534,12,radio/TV,Ruim
541,541,60,Homem,2,Gratis,Pequena,,2032,24,Automovel,Bom
542,542,31,Homem,2,Propria,,Pequena,6350,30,Moveis/Equipamentos,Ruim
543,543,34,Homem,1,Propria,Pequena,Rico,2864,18,Moveis/Equipamentos,Ruim
544,544,61,Homem,1,Propria,Pequena,,1255,12,Automovel,Bom
545,545,43,Homem,2,Gratis,Pequena,Pequena,1333,24,Automovel,Ruim
546,546,37,Mulher,2,Propria,Pequena,,2022,24,Automovel,Bom
547,547,32,Homem,2,Propria,Pequena,,1552,24,radio/TV,Bom
548,548,24,Mulher,1,Propria,Pequena,Pequena,626,12,radio/TV,Ruim
549,549,35,Homem,2,Gratis,,,8858,48,Automovel,Bom
550,550,23,Mulher,2,Propria,,,996,12,Reparos,Bom
551,551,45,Homem,1,Propria,Muito Rica,,1750,6,radio/TV,Bom
552,552,34,Homem,2,Propria,Pequena,Pequena,6999,48,radio/TV,Ruim
553,553,27,Homem,2,Propria,Moderada,Moderada,1995,12,Automovel,Bom
554,554,67,Mulher,3,Propria,Pequena,Moderada,1199,9,Educação,Bom
555,555,22,Homem,2,Propria,Pequena,Moderada,1331,12,radio/TV,Ruim
556,556,28,Mulher,2,Propria,Moderada,Moderada,2278,18,Automovel,Ruim
557,557,29,Mulher,2,Propria,,,5003,21,Automovel,Ruim
558,558,27,Homem,2,Propria,Pequena,Pequena,3552,24,Moveis/Equipamentos,Ruim
559,559,31,Homem,1,Propria,Pequena,Moderada,1928,18,Moveis/Equipamentos,Ruim
560,560,49,Homem,2,Gratis,,Pequena,2964,24,Automovel,Bom
561,561,24,Homem,1,Alugada,Pequena,Pequena,1546,24,radio/TV,Ruim
562,562,29,Mulher,2,Propria,Pequena,Rico,683,6,radio/TV,Bom
563,563,37,Homem,2,Gratis,,Moderada,12389,36,Automovel,Ruim
564,564,37,Homem,3,Propria,,Moderada,4712,24,Negocios,Bom
565,565,23,Mulher,2,Alugada,Moderada,Moderada,1553,24,radio/TV,Bom
566,566,36,Homem,2,Propria,Pequena,Pequena,1372,12,Automovel,Ruim
567,567,34,Homem,2,Propria,rich,,2578,24,radio/TV,Bom
568,568,41,Homem,2,Propria,,Moderada,3979,48,radio/TV,Bom
569,569,31,Mulher,2,Propria,Pequena,Pequena,6758,48,radio/TV,Ruim
570,570,23,Mulher,1,Alugada,Pequena,Pequena,3234,24,Moveis/Equipamentos,Ruim
571,571,38,Homem,2,Propria,Pequena,,5954,30,radio/TV,Bom
572,572,26,Mulher,3,Alugada,,,5433,24,Automovel,Bom
573,573,22,Mulher,1,Propria,Pequena,Pequena,806,15,Negocios,Bom
574,574,27,Homem,1,Propria,Pequena,Moderada,1082,9,radio/TV,Bom
575,575,24,Mulher,2,Propria,Pequena,,2788,15,Moveis/Equipamentos,Bom
576,576,27,Mulher,2,Propria,Pequena,Moderada,2930,12,radio/TV,Bom
577,577,33,Mulher,2,Propria,,,1927,24,Educação,Bom
578,578,27,Homem,2,Propria,Pequena,Moderada,2820,36,Automovel,Ruim
579,579,27,Homem,1,Propria,Pequena,,937,24,Educação,Bom
580,580,30,Homem,2,Propria,Pequena,Moderada,1056,18,Automovel,Ruim
581,581,49,Homem,1,Propria,Pequena,Moderada,3124,12,Automovel,Bom
582,582,26,Mulher,2,Alugada,Pequena,,1388,9,Moveis/Equipamentos,Bom
583,583,33,Homem,1,Alugada,Pequena,Moderada,2384,36,Reparos,Ruim
584,584,52,Mulher,3,Gratis,,,2133,12,Automovel,Bom
585,585,20,Mulher,2,Alugada,Pequena,Pequena,2039,18,Moveis/Equipamentos,Ruim
586,586,36,Homem,2,Alugada,Pequena,Pequena,2799,9,Automovel,Bom
587,587,21,Homem,1,Propria,Pequena,Pequena,1289,12,Moveis/Equipamentos,Bom
588,588,47,Homem,1,Propria,Pequena,Pequena,1217,18,Eletrodomesticos,Ruim
589,589,60,Homem,2,Propria,Pequena,Pequena,2246,12,Moveis/Equipamentos,Ruim
590,590,58,Mulher,1,Propria,Pequena,Pequena,385,12,radio/TV,Bom
591,591,42,Mulher,2,Alugada,,Moderada,1965,24,Automovel,Bom
592,592,36,Mulher,1,Propria,rich,,1572,21,Negocios,Bom
593,593,20,Mulher,1,Alugada,Pequena,Moderada,2718,24,Automovel,Ruim
594,594,40,Homem,3,Propria,,Pequena,1358,24,Ferias/Outros,Ruim
595,595,32,Mulher,1,Propria,Moderada,Moderada,931,6,Automovel,Ruim
596,596,23,Mulher,2,Alugada,Pequena,Pequena,1442,24,Automovel,Ruim
597,597,36,Homem,1,Propria,Pequena,Moderada,4241,24,Negocios,Ruim
598,598,31,Homem,2,Propria,Pequena,,2775,18,Automovel,Ruim
599,599,32,Homem,2,Gratis,Pequena,,3863,24,Negocios,Bom
600,600,45,Mulher,2,Propria,Pequena,Moderada,2329,7,radio/TV,Bom
601,601,30,Mulher,2,Propria,Pequena,Moderada,918,9,Moveis/Equipamentos,Ruim
602,602,34,Mulher,1,Gratis,Pequena,Moderada,1837,24,Educação,Ruim
603,603,28,Mulher,3,Propria,Pequena,,3349,36,Moveis/Equipamentos,Ruim
604,604,23,Mulher,2,Propria,Pequena,Rico,1275,10,Moveis/Equipamentos,Bom
605,605,22,Homem,2,Propria,Muito Rica,Pequena,2828,24,Moveis/Equipamentos,Bom
606,606,74,Homem,3,Propria,Pequena,,4526,24,Negocios,Bom
607,607,50,Mulher,2,Gratis,Moderada,Moderada,2671,36,radio/TV,Ruim
608,608,33,Homem,2,Propria,Pequena,,2051,18,radio/TV,Bom
609,609,45,Homem,2,Gratis,,,1300,15,Automovel,Bom
610,610,22,Mulher,2,Propria,Moderada,Pequena,741,12,Eletrodomesticos,Ruim
611,611,48,Mulher,1,Gratis,Moderada,Rico,1240,10,Automovel,Ruim
612,612,29,Mulher,2,Propria,rich,Pequena,3357,21,radio/TV,Bom
613,613,22,Mulher,2,Alugada,Pequena,Pequena,3632,24,Automovel,Bom
614,614,22,Mulher,2,Propria,Pequena,,1808,18,Moveis/Equipamentos,Ruim
615,615,48,Homem,3,Propria,,Moderada,12204,48,Negocios,Bom
616,616,27,Homem,3,Gratis,,Moderada,9157,60,radio/TV,Bom
617,617,37,Homem,2,Alugada,Pequena,Pequena,3676,6,Automovel,Bom
618,618,21,Mulher,2,Alugada,Moderada,Moderada,3441,30,Moveis/Equipamentos,Ruim
619,619,49,Homem,1,Propria,Pequena,,640,12,Automovel,Bom
620,620,27,Homem,2,Propria,Pequena,Moderada,3652,21,Negocios,Bom
621,621,32,Homem,2,Propria,Pequena,,1530,18,Automovel,Ruim
622,622,38,Homem,2,Propria,,,3914,48,Negocios,Ruim
623,623,22,Mulher,2,Alugada,Pequena,Pequena,1858,12,Moveis/Equipamentos,Bom
624,624,65,Homem,2,Gratis,Pequena,Pequena,2600,18,radio/TV,Ruim
625,625,35,Homem,2,Propria,,,1979,15,radio/TV,Bom
626,626,41,Homem,2,Propria,Pequena,Rico,2116,6,Moveis/Equipamentos,Bom
627,627,29,Homem,2,Propria,Moderada,Moderada,1437,9,Automovel,Ruim
628,628,36,Homem,2,Propria,Muito Rica,,4042,42,Moveis/Equipamentos,Bom
629,629,64,Homem,1,Propria,,,3832,9,Educação,Bom
630,630,28,Mulher,2,Propria,Pequena,Pequena,3660,24,radio/TV,Bom
631,631,44,Homem,2,Propria,Pequena,Pequena,1553,18,Moveis/Equipamentos,Ruim
632,632,23,Homem,2,Propria,,Moderada,1444,15,radio/TV,Bom
633,633,19,Mulher,2,Alugada,Pequena,,1980,9,Moveis/Equipamentos,Ruim
634,634,25,Mulher,1,Propria,Pequena,Moderada,1355,24,Automovel,Ruim
635,635,47,Homem,2,Propria,Pequena,,1393,12,Educação,Bom
636,636,28,Mulher,2,Propria,Muito Rica,,1376,24,radio/TV,Bom
637,637,21,Homem,2,Propria,Pequena,,15653,60,radio/TV,Bom
638,638,34,Mulher,2,Propria,Pequena,,1493,12,radio/TV,Bom
639,639,26,Homem,2,Propria,Pequena,Pequena,4370,42,radio/TV,Ruim
640,640,27,Mulher,0,Propria,Pequena,Pequena,750,18,Educação,Ruim
641,641,38,Homem,1,Propria,Pequena,Moderada,1308,15,Reparos,Bom
642,642,40,Homem,3,Propria,Moderada,,4623,15,Educação,Ruim
643,643,33,Homem,2,Propria,Pequena,,1851,24,radio/TV,Bom
644,644,32,Homem,3,Propria,Pequena,Pequena,1880,18,radio/TV,Bom
645,645,27,Homem,2,Alugada,,,7980,36,Negocios,Ruim
646,646,32,Homem,2,Propria,Pequena,Pequena,4583,30,Moveis/Equipamentos,Bom
647,647,26,Mulher,2,Propria,Muito Rica,,1386,12,Automovel,Ruim
648,648,38,Homem,2,Gratis,Pequena,Rico,947,24,Automovel,Ruim
649,649,40,Homem,1,Alugada,Pequena,Pequena,684,12,Educação,Ruim
650,650,50,Homem,3,Gratis,Pequena,Pequena,7476,48,Educação,Bom
651,651,37,Homem,1,Propria,Pequena,Moderada,1922,12,Moveis/Equipamentos,Ruim
652,652,45,Homem,2,Propria,Pequena,Pequena,2303,24,Automovel,Ruim
653,653,42,Homem,3,Propria,Moderada,Moderada,8086,36,Automovel,Ruim
654,654,35,Homem,2,Propria,Pequena,,2346,24,Automovel,Bom
655,655,22,Homem,2,Gratis,Pequena,Pequena,3973,14,Automovel,Bom
656,656,41,Homem,1,Propria,Pequena,Moderada,888,12,Automovel,Ruim
657,657,37,Homem,2,Propria,,,10222,48,radio/TV,Bom
658,658,28,Mulher,2,Propria,Pequena,Moderada,4221,30,Negocios,Bom
659,659,41,Homem,2,Propria,Pequena,Moderada,6361,18,Moveis/Equipamentos,Bom
660,660,23,Homem,2,Alugada,Pequena,Rico,1297,12,radio/TV,Bom
661,661,23,Homem,2,Propria,,Pequena,900,12,Automovel,Ruim
662,662,50,Homem,2,Propria,Pequena,,2241,21,Moveis/Equipamentos,Bom
663,663,35,Homem,3,Propria,Pequena,Moderada,1050,6,Moveis/Equipamentos,Bom
664,664,50,Mulher,1,Propria,Pequena,Rico,1047,6,Educação,Bom
665,665,27,Homem,3,Propria,Pequena,,6314,24,Ferias/Outros,Bom
666,666,34,Homem,2,Propria,rich,Moderada,3496,30,Moveis/Equipamentos,Bom
667,667,27,Mulher,2,Propria,Pequena,,3609,48,Negocios,Bom
668,668,43,Homem,2,Alugada,Pequena,Pequena,4843,12,Automovel,Ruim
669,669,47,Homem,2,Propria,Pequena,Rico,3017,30,radio/TV,Bom
670,670,27,Homem,1,Propria,Moderada,,4139,24,Negocios,Bom
671,671,31,Homem,2,Propria,Moderada,,5742,36,Negocios,Bom
672,672,42,Homem,3,Propria,Pequena,,10366,60,Automovel,Bom
673,673,24,Homem,2,Propria,Muito Rica,,2080,6,Automovel,Bom
674,674,41,Homem,1,Propria,Muito Rica,,2580,21,Negocios,Ruim
675,675,26,Mulher,3,Alugada,Pequena,,4530,30,radio/TV,Bom
676,676,33,Homem,2,Propria,Pequena,,5150,24,Moveis/Equipamentos,Bom
677,677,24,Homem,2,Propria,Moderada,Moderada,5595,72,radio/TV,Ruim
678,678,64,Homem,1,Alugada,Pequena,Pequena,2384,24,radio/TV,Bom
679,679,26,Mulher,2,Propria,Pequena,,1453,18,radio/TV,Bom
680,680,56,Mulher,2,Propria,Pequena,,1538,6,Educação,Bom
681,681,37,Homem,2,Gratis,,,2279,12,radio/TV,Bom
682,682,33,Homem,2,Propria,Pequena,,1478,15,radio/TV,Bom
683,683,47,Homem,2,Gratis,Pequena,,5103,24,radio/TV,Bom
684,684,31,Homem,1,Propria,Moderada,Moderada,9857,36,Negocios,Bom
685,685,34,Homem,2,Gratis,,,6527,60,Automovel,Bom
686,686,27,Homem,2,Propria,,Rico,1347,10,radio/TV,Bom
687,687,30,Homem,2,Gratis,Moderada,Moderada,2862,36,Automovel,Bom
688,688,35,Homem,2,Propria,Moderada,,2753,9,radio/TV,Bom
689,689,31,Homem,2,Propria,rich,Pequena,3651,12,Automovel,Bom
690,690,25,Homem,2,Propria,Pequena,Pequena,975,15,Moveis/Equipamentos,Bom
691,691,25,Mulher,1,Propria,Moderada,Moderada,2631,15,Reparos,Bom
692,692,29,Homem,2,Propria,Moderada,Moderada,2896,24,radio/TV,Bom
693,693,44,Homem,1,Propria,,Pequena,4716,6,Automovel,Bom
694,694,28,Homem,2,Propria,Pequena,,2284,24,radio/TV,Bom
695,695,50,Homem,2,Alugada,Muito Rica,,1236,6,Automovel,Bom
696,696,29,Homem,2,Propria,Pequena,Moderada,1103,12,radio/TV,Bom
697,697,38,Mulher,0,Propria,Pequena,,926,12,Automovel,Bom
698,698,24,Homem,2,Propria,Pequena,,1800,18,radio/TV,Bom
699,699,40,Homem,3,Alugada,Pequena,Rico,1905,15,Educação,Bom
700,700,29,Mulher,1,Alugada,Muito Rica,,1123,12,Moveis/Equipamentos,Ruim
701,701,46,Homem,2,Gratis,Pequena,Pequena,6331,48,Automovel,Ruim
702,702,47,Mulher,2,Gratis,Moderada,Rico,1377,24,radio/TV,Bom
703,703,41,Homem,2,Propria,Moderada,Moderada,2503,30,Negocios,Bom
704,704,32,Mulher,2,Propria,Pequena,Moderada,2528,27,Negocios,Bom
705,705,35,Mulher,2,Gratis,Muito Rica,,5324,15,Automovel,Bom
706,706,24,Homem,2,Propria,Moderada,Moderada,6560,48,Automovel,Ruim
707,707,25,Mulher,2,Alugada,Pequena,Moderada,2969,12,Moveis/Equipamentos,Ruim
708,708,25,Mulher,2,Propria,Pequena,Moderada,1206,9,radio/TV,Bom
709,709,37,Homem,1,Propria,Pequena,Moderada,2118,9,radio/TV,Bom
710,710,32,Homem,3,Propria,Muito Rica,,629,18,radio/TV,Bom
711,711,35,Mulher,2,Gratis,Pequena,Pequena,1198,6,Educação,Ruim
712,712,46,Homem,3,Propria,,,2476,21,Automovel,Bom
713,713,25,Homem,1,Propria,Pequena,Pequena,1138,9,radio/TV,Bom
714,714,27,Homem,3,Propria,Pequena,Moderada,14027,60,Automovel,Ruim
715,715,63,Homem,2,Propria,,,7596,30,Automovel,Bom
716,716,40,Homem,2,Propria,,,3077,30,radio/TV,Bom
717,717,32,Homem,3,Gratis,Pequena,,1505,18,radio/TV,Bom
718,718,31,Homem,2,Propria,,Rico,3148,24,radio/TV,Bom
719,719,31,Homem,2,Propria,Moderada,Moderada,6148,20,Automovel,Bom
720,720,34,Homem,3,Propria,Pequena,Rico,1337,9,radio/TV,Ruim
721,721,24,Mulher,2,Alugada,rich,Moderada,433,6,Educação,Ruim
722,722,24,Mulher,1,Propria,Pequena,Pequena,1228,12,Automovel,Ruim
723,723,66,Mulher,1,Propria,Muito Rica,Moderada,790,9,radio/TV,Bom
724,724,21,Mulher,2,Alugada,Pequena,,2570,27,Automovel,Ruim
725,725,41,Mulher,1,Propria,rich,,250,6,Automovel,Bom
726,726,47,Homem,1,Propria,Muito Rica,,1316,15,radio/TV,Bom
727,727,25,Mulher,2,Alugada,Pequena,Pequena,1882,18,radio/TV,Ruim
728,728,59,Mulher,2,Alugada,Pequena,Moderada,6416,48,Negocios,Ruim
729,729,36,Homem,2,Propria,rich,Rico,1275,24,Negocios,Bom
730,730,33,Homem,2,Propria,Pequena,Moderada,6403,24,radio/TV,Bom
731,731,21,Homem,1,Alugada,Pequena,Pequena,1987,24,radio/TV,Ruim
732,732,44,Mulher,1,Propria,Pequena,Moderada,760,8,radio/TV,Bom
733,733,28,Mulher,2,Alugada,rich,,2603,24,Automovel,Bom
734,734,37,Mulher,2,Propria,Pequena,,3380,4,Automovel,Bom
735,735,29,Mulher,0,Propria,,Moderada,3990,36,Eletrodomesticos,Bom
736,736,23,Mulher,3,Alugada,Pequena,Moderada,11560,24,Automovel,Ruim
737,737,35,Homem,1,Propria,Moderada,Pequena,4380,18,Automovel,Bom
738,738,45,Homem,3,Propria,Pequena,,6761,6,Automovel,Bom
739,739,26,Mulher,1,Alugada,Moderada,Moderada,4280,30,Negocios,Ruim
740,740,32,Homem,2,Propria,Moderada,Pequena,2325,24,Automovel,Bom
741,741,23,Homem,1,Propria,Pequena,Moderada,1048,10,radio/TV,Bom
742,742,41,Homem,2,Propria,,,3160,21,radio/TV,Bom
743,743,22,Homem,2,Propria,Muito Rica,Pequena,2483,24,Moveis/Equipamentos,Bom
744,744,30,Homem,3,Propria,,Pequena,14179,39,Moveis/Equipamentos,Bom
745,745,28,Homem,1,Propria,Pequena,Pequena,1797,13,Negocios,Bom
746,746,23,Mulher,2,Alugada,Pequena,Pequena,2511,15,Automovel,Bom
747,747,37,Mulher,1,Propria,Pequena,Pequena,1274,12,Automovel,Ruim
748,748,26,Homem,2,Propria,,,5248,21,Automovel,Bom
749,749,33,Homem,2,Propria,Pequena,,3029,15,Automovel,Bom
750,750,49,Mulher,2,Propria,Pequena,Pequena,428,6,Moveis/Equipamentos,Bom
751,751,23,Mulher,1,Propria,Pequena,Pequena,976,18,Automovel,Ruim
752,752,23,Mulher,1,Alugada,Moderada,Moderada,841,12,Negocios,Bom
753,753,25,Mulher,2,Propria,Pequena,,5771,30,radio/TV,Bom
754,754,55,Homem,2,Gratis,rich,,1555,12,Reparos,Ruim
755,755,32,Mulher,2,Alugada,,Pequena,1285,24,Automovel,Ruim
756,756,74,Homem,0,Propria,Pequena,Rico,1299,6,Automovel,Bom
757,757,39,Homem,2,Gratis,,Rico,1271,15,radio/TV,Ruim
758,758,31,Homem,2,Propria,Pequena,,1393,24,Automovel,Bom
759,759,35,Homem,2,Propria,Pequena,Pequena,691,12,Automovel,Ruim
760,760,59,Mulher,2,Propria,,,5045,15,Automovel,Bom
761,761,24,Mulher,2,Alugada,Pequena,Pequena,2124,18,Moveis/Equipamentos,Ruim
762,762,24,Homem,1,Propria,Pequena,Pequena,2214,12,radio/TV,Bom
763,763,30,Homem,3,Gratis,,,12680,21,Automovel,Ruim
764,764,27,Homem,2,Propria,Moderada,,2463,24,Automovel,Bom
765,765,40,Homem,1,Propria,Pequena,Moderada,1155,12,radio/TV,Bom
766,766,31,Homem,1,Propria,Pequena,Pequena,3108,30,Moveis/Equipamentos,Ruim
767,767,31,Mulher,2,Alugada,,,2901,10,Automovel,Bom
768,768,28,Homem,2,Alugada,Pequena,Moderada,3617,12,Moveis/Equipamentos,Bom
769,769,63,Homem,1,Propria,Pequena,,1655,12,radio/TV,Bom
770,770,26,Mulher,2,Alugada,,Pequena,2812,24,Automovel,Bom
771,771,25,Mulher,3,Propria,Pequena,Pequena,8065,36,Educação,Ruim
772,772,36,Homem,3,Propria,Pequena,,3275,21,Automovel,Bom
773,773,52,Homem,2,Propria,Moderada,,2223,24,radio/TV,Bom
774,774,66,Homem,0,Gratis,Muito Rica,Rico,1480,12,Automovel,Bom
775,775,25,Mulher,2,Alugada,,Pequena,1371,24,Automovel,Ruim
776,776,37,Homem,2,Propria,Pequena,,3535,36,Automovel,Bom
777,777,25,Mulher,2,Propria,Pequena,Pequena,3509,18,radio/TV,Bom
778,778,38,Homem,3,Propria,rich,,5711,36,Automovel,Bom
779,779,67,Mulher,2,Propria,Pequena,Moderada,3872,18,Reparos,Bom
780,780,25,Homem,2,Propria,Pequena,Moderada,4933,39,radio/TV,Ruim
781,781,60,Homem,2,Propria,rich,,1940,24,Automovel,Bom
782,782,31,Homem,1,Propria,Pequena,Moderada,1410,12,Educação,Bom
783,783,23,Mulher,1,Propria,Moderada,Moderada,836,12,Automovel,Ruim
784,784,60,Homem,3,Propria,,Moderada,6468,20,Automovel,Bom
785,785,35,Homem,1,Propria,rich,Moderada,1941,18,Negocios,Bom
786,786,40,Homem,2,Propria,Muito Rica,,2675,22,radio/TV,Bom
787,787,38,Homem,2,Propria,,,2751,48,Automovel,Bom
788,788,50,Homem,2,Gratis,Pequena,Moderada,6224,48,Educação,Ruim
789,789,27,Homem,2,Propria,Pequena,Pequena,5998,40,Educação,Ruim
790,790,39,Mulher,2,Propria,Pequena,Moderada,1188,21,Negocios,Ruim
791,791,41,Homem,3,Propria,,,6313,24,Automovel,Bom
792,792,27,Homem,2,Propria,,,1221,6,Moveis/Equipamentos,Bom
793,793,51,Homem,2,Gratis,Pequena,Rico,2892,24,Moveis/Equipamentos,Bom
794,794,32,Homem,2,Alugada,Muito Rica,,3062,24,Moveis/Equipamentos,Bom
795,795,22,Mulher,2,Alugada,Moderada,,2301,9,Moveis/Equipamentos,Bom
796,796,51,Homem,2,Gratis,,Pequena,7511,18,Automovel,Ruim
797,797,22,Mulher,1,Alugada,Pequena,,1258,12,Moveis/Equipamentos,Bom
798,798,54,Homem,2,Propria,,,717,24,Automovel,Bom
799,799,35,Homem,0,Propria,,Moderada,1549,9,Automovel,Bom
800,800,54,Homem,2,Gratis,Pequena,,1597,24,Educação,Bom
801,801,48,Mulher,1,Alugada,Pequena,Moderada,1795,18,radio/TV,Bom
802,802,24,Mulher,2,Propria,Pequena,Pequena,4272,20,Moveis/Equipamentos,Bom
803,803,35,Homem,2,Propria,,,976,12,radio/TV,Bom
804,804,24,Mulher,0,Alugada,,Moderada,7472,12,Automovel,Bom
805,805,24,Homem,2,Propria,Pequena,Pequena,9271,36,Automovel,Ruim
806,806,26,Homem,1,Propria,Pequena,Moderada,590,6,radio/TV,Bom
807,807,65,Homem,2,Propria,,,930,12,radio/TV,Bom
808,808,55,Homem,3,Gratis,Pequena,Moderada,9283,42,Automovel,Bom
809,809,26,Mulher,0,Alugada,Pequena,Moderada,1778,15,Automovel,Ruim
810,810,26,Homem,2,Propria,Pequena,Moderada,907,8,Negocios,Bom
811,811,28,Homem,1,Propria,Pequena,Moderada,484,6,radio/TV,Bom
812,812,24,Homem,2,Propria,Pequena,Pequena,9629,36,Automovel,Ruim
813,813,54,Homem,2,Propria,Pequena,Pequena,3051,48,Eletrodomesticos,Ruim
814,814,46,Homem,2,Gratis,Pequena,Pequena,3931,48,Automovel,Ruim
815,815,54,Mulher,2,Alugada,Pequena,Moderada,7432,36,Automovel,Bom
816,816,62,Homem,2,Propria,Muito Rica,,1338,6,Eletrodomesticos,Bom
817,817,24,Mulher,2,Alugada,Pequena,,1554,6,radio/TV,Bom
818,818,43,Homem,3,Propria,Pequena,Pequena,15857,36,Ferias/Outros,Bom
819,819,26,Homem,2,Propria,Pequena,Pequena,1345,18,radio/TV,Ruim
820,820,27,Homem,2,Propria,Pequena,,1101,12,Automovel,Bom
821,821,24,Homem,2,Propria,Pequena,Rico,3016,12,radio/TV,Bom
822,822,41,Homem,2,Propria,Pequena,Pequena,2712,36,Moveis/Equipamentos,Ruim
823,823,47,Homem,1,Propria,Pequena,Pequena,731,8,Automovel,Bom
824,824,35,Homem,3,Propria,Pequena,,3780,18,Moveis/Equipamentos,Bom
825,825,30,Homem,2,Propria,Pequena,Pequena,1602,21,Automovel,Bom
826,826,33,Mulher,2,Alugada,Pequena,Pequena,3966,18,Automovel,Ruim
827,827,36,Homem,2,Propria,Pequena,,4165,18,Negocios,Ruim
828,828,47,Homem,2,Gratis,,Pequena,8335,36,Automovel,Ruim
829,829,38,Homem,2,Gratis,,Moderada,6681,48,Negocios,Bom
830,830,44,Homem,2,Propria,Muito Rica,,2375,24,Negocios,Bom
831,831,23,Mulher,2,Alugada,Pequena,Pequena,1216,18,Automovel,Ruim
832,832,29,Homem,2,Alugada,Pequena,Pequena,11816,45,Negocios,Ruim
833,833,42,Mulher,2,Propria,,Moderada,5084,24,radio/TV,Bom
834,834,25,Mulher,1,Propria,Pequena,Rico,2327,15,radio/TV,Ruim
835,835,48,Homem,2,Propria,Pequena,Pequena,1082,12,Automovel,Ruim
836,836,21,Mulher,2,Propria,,,886,12,radio/TV,Bom
837,837,23,Mulher,1,Alugada,Pequena,,601,4,Moveis/Equipamentos,Bom
838,838,63,Homem,2,Propria,Pequena,Pequena,2957,24,Automovel,Bom
839,839,46,Homem,2,Propria,Pequena,,2611,24,radio/TV,Bom
840,840,29,Homem,2,Propria,Pequena,Pequena,5179,36,Moveis/Equipamentos,Ruim
841,841,28,Homem,1,Propria,Pequena,,2993,21,Automovel,Bom
842,842,23,Mulher,2,Propria,Pequena,,1943,18,Reparos,Ruim
843,843,50,Homem,2,Propria,Pequena,,1559,24,Negocios,Bom
844,844,47,Homem,2,Propria,Pequena,,3422,18,Moveis/Equipamentos,Bom
845,845,35,Homem,2,Propria,,Moderada,3976,21,Moveis/Equipamentos,Bom
846,846,68,Homem,2,Alugada,,,6761,18,Automovel,Ruim
847,847,28,Homem,2,Propria,Pequena,,1249,24,Automovel,Bom
848,848,59,Homem,2,Propria,Pequena,Pequena,1364,9,radio/TV,Bom
849,849,57,Homem,1,Propria,Pequena,Pequena,709,12,radio/TV,Ruim
850,850,33,Homem,2,Alugada,Pequena,Pequena,2235,20,Automovel,Ruim
851,851,43,Homem,2,Propria,,,4042,24,Automovel,Bom
852,852,35,Homem,2,Gratis,Pequena,,1471,15,radio/TV,Bom
853,853,32,Homem,1,Gratis,Pequena,Pequena,1442,18,Automovel,Ruim
854,854,45,Homem,2,Propria,Pequena,,10875,36,Automovel,Bom
855,855,33,Homem,2,Propria,Moderada,,1474,24,Automovel,Bom
856,856,40,Mulher,2,Propria,,,894,10,Educação,Bom
857,857,28,Homem,2,Gratis,Pequena,,3343,15,Moveis/Equipamentos,Bom
858,858,29,Mulher,2,Propria,Pequena,Pequena,3959,15,Automovel,Ruim
859,859,26,Homem,2,Alugada,Moderada,,3577,9,Automovel,Bom
860,860,27,Homem,2,Propria,rich,,5804,24,Automovel,Bom
861,861,28,Homem,2,Propria,Pequena,,2169,18,Negocios,Ruim
862,862,35,Mulher,2,Propria,Pequena,Pequena,2439,24,radio/TV,Ruim
863,863,32,Homem,1,Propria,rich,,4526,27,Moveis/Equipamentos,Bom
864,864,25,Homem,1,Alugada,Pequena,,2210,10,Moveis/Equipamentos,Ruim
865,865,20,Mulher,2,Alugada,Muito Rica,,2221,15,Moveis/Equipamentos,Bom
866,866,27,Mulher,2,Propria,Pequena,Pequena,2389,18,radio/TV,Bom
867,867,42,Homem,2,Propria,Pequena,,3331,12,Moveis/Equipamentos,Bom
868,868,37,Homem,2,Propria,,,7409,36,Negocios,Bom
869,869,24,Mulher,2,Alugada,Pequena,Pequena,652,12,Moveis/Equipamentos,Bom
870,870,40,Mulher,2,Propria,Muito Rica,,7678,36,Moveis/Equipamentos,Bom
871,871,46,Homem,2,Propria,Pequena,Rico,1343,6,Automovel,Bom
872,872,26,Homem,2,Propria,Moderada,Pequena,1382,24,Negocios,Bom
873,873,24,Mulher,2,Propria,,,874,15,Eletrodomesticos,Bom
874,874,29,Homem,1,Propria,Pequena,Pequena,3590,12,Moveis/Equipamentos,Bom
875,875,40,Mulher,2,Propria,rich,Moderada,1322,11,Automovel,Bom
876,876,36,Homem,3,Gratis,Pequena,Pequena,1940,18,radio/TV,Bom
877,877,28,Homem,2,Propria,Pequena,,3595,36,radio/TV,Bom
878,878,27,Homem,3,Gratis,Pequena,Pequena,1422,9,Automovel,Ruim
879,879,36,Homem,2,Propria,,,6742,30,radio/TV,Bom
880,880,38,Homem,3,Propria,Pequena,,7814,24,Automovel,Bom
881,881,48,Homem,2,Gratis,,,9277,24,Automovel,Bom
882,882,36,Homem,2,Propria,,Moderada,2181,30,Automovel,Bom
883,883,65,Mulher,0,Propria,Pequena,,1098,18,radio/TV,Bom
884,884,43,Homem,2,Propria,Pequena,Moderada,4057,24,Moveis/Equipamentos,Ruim
885,885,53,Mulher,2,Propria,Pequena,Pequena,795,12,Educação,Ruim
886,886,34,Homem,2,Propria,,Moderada,2825,24,Negocios,Bom
887,887,23,Homem,2,Propria,Pequena,Moderada,15672,48,Negocios,Ruim
888,888,34,Homem,3,Propria,Pequena,,6614,36,Automovel,Bom
889,889,40,Homem,2,Alugada,,,7824,28,Automovel,Bom
890,890,43,Homem,3,Propria,Pequena,Pequena,2442,27,Negocios,Bom
891,891,46,Homem,2,Propria,Pequena,,1829,15,radio/TV,Bom
892,892,38,Homem,1,Propria,Pequena,Pequena,2171,12,Automovel,Bom
893,893,34,Homem,2,Propria,Pequena,Moderada,5800,36,Automovel,Bom
894,894,29,Homem,2,Propria,,,1169,18,radio/TV,Bom
895,895,31,Homem,3,Propria,,,8947,36,Automovel,Bom
896,896,28,Mulher,3,Alugada,Pequena,Pequena,2606,21,radio/TV,Bom
897,897,35,Mulher,2,Propria,rich,,1592,12,Moveis/Equipamentos,Bom
898,898,33,Mulher,1,Alugada,,,2186,15,Moveis/Equipamentos,Bom
899,899,42,Homem,2,Propria,Pequena,Pequena,4153,18,Moveis/Equipamentos,Ruim
900,900,43,Homem,2,Alugada,Pequena,Pequena,2625,16,Automovel,Ruim
901,901,44,Homem,2,Propria,,,3485,20,Automovel,Bom
902,902,42,Homem,2,Gratis,,,10477,36,Automovel,Bom
903,903,40,Homem,2,Alugada,,,1386,15,radio/TV,Bom
904,904,36,Homem,3,Propria,Pequena,,1278,24,radio/TV,Bom
905,905,20,Homem,3,Alugada,Pequena,Pequena,1107,12,radio/TV,Bom
906,906,24,Homem,1,Propria,,Pequena,3763,21,Automovel,Bom
907,907,27,Homem,2,Propria,,Moderada,3711,36,Educação,Bom
908,908,46,Mulher,1,Propria,Pequena,,3594,15,Automovel,Bom
909,909,33,Mulher,1,Propria,,Moderada,3195,9,Automovel,Bom
910,910,34,Mulher,2,Propria,Pequena,,4454,36,radio/TV,Bom
911,911,25,Mulher,1,Propria,Pequena,Moderada,4736,24,Moveis/Equipamentos,Ruim
912,912,25,Mulher,2,Propria,,Moderada,2991,30,radio/TV,Bom
913,913,28,Homem,2,Propria,rich,,2142,11,Negocios,Bom
914,914,31,Homem,2,Alugada,Pequena,Pequena,3161,24,Negocios,Ruim
915,915,32,Mulher,3,Propria,Pequena,Moderada,18424,48,Ferias/Outros,Ruim
916,916,32,Homem,2,Propria,Moderada,,2848,10,Automovel,Bom
917,917,68,Homem,3,Propria,Pequena,Pequena,14896,6,Automovel,Ruim
918,918,33,Homem,2,Propria,Moderada,Pequena,2359,24,Moveis/Equipamentos,Ruim
919,919,39,Homem,3,Alugada,Pequena,Pequena,3345,24,Moveis/Equipamentos,Ruim
920,920,28,Mulher,2,Propria,Pequena,,1817,18,Moveis/Equipamentos,Bom
921,921,37,Homem,3,Propria,Muito Rica,,12749,48,radio/TV,Bom
922,922,22,Mulher,2,Alugada,Pequena,Pequena,1366,9,radio/TV,Ruim
923,923,30,Homem,2,Alugada,Pequena,Moderada,2002,12,Automovel,Bom
924,924,55,Homem,2,Propria,Pequena,Pequena,6872,24,Moveis/Equipamentos,Ruim
925,925,46,Homem,2,Propria,Pequena,Pequena,697,12,Automovel,Ruim
926,926,21,Mulher,2,Alugada,Pequena,Pequena,1049,18,Moveis/Equipamentos,Bom
927,927,39,Homem,2,Gratis,Pequena,Pequena,10297,48,Automovel,Ruim
928,928,58,Homem,2,Propria,,,1867,30,radio/TV,Bom
929,929,43,Homem,1,Propria,Pequena,Pequena,1344,12,Automovel,Bom
930,930,24,Homem,1,Propria,Pequena,Pequena,1747,24,Moveis/Equipamentos,Bom
931,931,22,Mulher,2,Propria,Pequena,Moderada,1670,9,radio/TV,Ruim
932,932,30,Homem,2,Propria,Pequena,,1224,9,Automovel,Bom
933,933,42,Homem,2,Propria,Muito Rica,,522,12,radio/TV,Bom
934,934,23,Mulher,2,Propria,Pequena,Pequena,1498,12,radio/TV,Bom
935,935,30,Homem,3,Propria,Moderada,Moderada,1919,30,radio/TV,Ruim
936,936,28,Mulher,1,Propria,Pequena,Rico,745,9,radio/TV,Ruim
937,937,30,Homem,3,Alugada,Pequena,Moderada,2063,6,radio/TV,Bom
938,938,42,Homem,2,Gratis,Pequena,Moderada,6288,60,Educação,Ruim
939,939,46,Homem,3,Propria,,,6842,24,Automovel,Bom
940,940,45,Homem,3,Propria,,,3527,12,Automovel,Bom
941,941,31,Homem,1,Propria,Pequena,,1546,10,Automovel,Bom
942,942,31,Homem,2,Propria,,,929,24,Moveis/Equipamentos,Bom
943,943,42,Homem,1,Propria,Pequena,,1455,4,Automovel,Bom
944,944,46,Mulher,2,Alugada,Pequena,Pequena,1845,15,Moveis/Equipamentos,Bom
945,945,30,Mulher,2,Propria,Muito Rica,Moderada,8358,48,Automovel,Bom
946,946,30,Homem,2,Gratis,Muito Rica,Pequena,3349,24,Moveis/Equipamentos,Ruim
947,947,38,Homem,3,Propria,,,2859,12,Automovel,Bom
948,948,43,Homem,1,Propria,Pequena,,1533,18,Moveis/Equipamentos,Ruim
949,949,31,Homem,2,Propria,Moderada,,3621,24,radio/TV,Ruim
950,950,40,Homem,0,Propria,Pequena,Moderada,3590,18,Negocios,Bom
951,951,24,Homem,2,Propria,Pequena,Pequena,2145,36,Negocios,Ruim
952,952,28,Mulher,2,Alugada,Muito Rica,Moderada,4113,24,Automovel,Ruim
953,953,26,Mulher,3,Propria,Pequena,,10974,36,Moveis/Equipamentos,Ruim
954,954,29,Mulher,2,Propria,Pequena,Pequena,1893,12,Automovel,Bom
955,955,57,Mulher,3,Alugada,rich,Pequena,1231,24,radio/TV,Bom
956,956,49,Homem,1,Propria,,Rico,3656,30,radio/TV,Bom
957,957,37,Homem,1,Propria,Pequena,Moderada,1154,9,radio/TV,Bom
958,958,45,Homem,1,Propria,Pequena,Pequena,4006,28,Automovel,Ruim
959,959,30,Homem,2,Gratis,Moderada,Moderada,3069,24,Moveis/Equipamentos,Bom
960,960,30,Homem,2,Alugada,Pequena,,1740,6,radio/TV,Bom
961,961,47,Homem,2,Propria,Pequena,Moderada,2353,21,Automovel,Bom
962,962,29,Homem,2,Propria,,,3556,15,Automovel,Bom
963,963,35,Homem,2,Propria,Muito Rica,,2397,24,radio/TV,Ruim
964,964,22,Homem,1,Propria,Pequena,Moderada,454,6,Reparos,Bom
965,965,26,Mulher,2,Propria,,Moderada,1715,30,radio/TV,Bom
966,966,23,Homem,1,Propria,Muito Rica,Moderada,2520,27,radio/TV,Ruim
967,967,54,Mulher,3,Alugada,Pequena,,3568,15,radio/TV,Bom
968,968,29,Homem,2,Alugada,,,7166,42,radio/TV,Bom
969,969,40,Homem,1,Propria,Pequena,Pequena,3939,11,Automovel,Bom
970,970,22,Homem,2,Propria,Moderada,Moderada,1514,15,Reparos,Bom
971,971,43,Homem,1,Propria,Pequena,,7393,24,Automovel,Bom
972,972,29,Mulher,0,Alugada,Pequena,Pequena,1193,24,Automovel,Ruim
973,973,36,Homem,2,Alugada,Pequena,Pequena,7297,60,Negocios,Ruim
974,974,33,Mulher,2,Propria,Pequena,,2831,30,radio/TV,Bom
975,975,57,Mulher,1,Propria,Muito Rica,Rico,1258,24,radio/TV,Bom
976,976,64,Mulher,2,Propria,Pequena,Moderada,753,6,radio/TV,Bom
977,977,42,Homem,2,Propria,,Moderada,2427,18,Negocios,Bom
978,978,47,Homem,1,Propria,Pequena,,2538,24,Automovel,Ruim
979,979,25,Homem,2,Alugada,Moderada,Moderada,1264,15,Automovel,Ruim
980,980,49,Homem,2,Propria,Pequena,Moderada,8386,30,Moveis/Equipamentos,Ruim
981,981,33,Homem,3,Alugada,Pequena,,4844,48,Negocios,Ruim
982,982,28,Mulher,3,Propria,Moderada,Rico,2923,21,Automovel,Bom
983,983,26,Homem,2,Propria,Pequena,Pequena,8229,36,Automovel,Ruim
984,984,30,Homem,1,Propria,Pequena,,2028,24,Moveis/Equipamentos,Bom
985,985,25,Mulher,2,Alugada,Pequena,Pequena,1433,15,Moveis/Equipamentos,Bom
986,986,33,Homem,2,Propria,Pequena,Rico,6289,42,Negocios,Bom
987,987,64,Mulher,2,Propria,Moderada,,1409,13,radio/TV,Bom
988,988,29,Homem,3,Gratis,Pequena,Pequena,6579,24,Automovel,Bom
989,989,48,Homem,1,Propria,Pequena,Moderada,1743,24,radio/TV,Bom
990,990,37,Homem,1,Propria,,,3565,12,Educação,Bom
991,991,34,Homem,1,Propria,Moderada,,1569,15,radio/TV,Bom
992,992,23,Homem,1,Alugada,,Pequena,1936,18,radio/TV,Bom
993,993,30,Homem,3,Propria,Pequena,Pequena,3959,36,Moveis/Equipamentos,Bom
994,994,50,Homem,2,Propria,,,2390,12,Automovel,Bom
995,995,31,Mulher,1,Propria,Pequena,,1736,12,Moveis/Equipamentos,Bom
996,996,40,Homem,3,Propria,Pequena,Pequena,3857,30,Automovel,Bom
997,997,38,Homem,2,Propria,Pequena,,804,12,radio/TV,Bom
998,998,23,Homem,2,Gratis,Pequena,Pequena,1845,45,radio/TV,Ruim
999,999,27,Homem,2,Propria,Moderada,Moderada,4576,45,Automovel,Bom
